2026-02-17T12:29:47.187254,pid=712,rss=16986112,vms=8769536
2026-02-17T12:29:48.194209,pid=712,rss=47566848,vms=24879104
2026-02-17T12:29:49.219979,pid=712,rss=47493120,vms=24805376
2026-02-17T12:29:50.224421,pid=712,rss=47493120,vms=24805376
2026-02-17T12:29:51.229275,pid=712,rss=47493120,vms=24805376
2026-02-17T12:29:52.233799,pid=712,rss=47493120,vms=24805376
2026-02-17T12:29:53.238620,pid=712,rss=47493120,vms=24805376
2026-02-17T12:29:54.243530,pid=712,rss=47493120,vms=24805376
2026-02-17T12:29:55.248446,pid=712,rss=47493120,vms=24805376
2026-02-17T12:29:56.252819,pid=712,rss=47493120,vms=24805376
2026-02-17T12:29:57.257648,pid=712,rss=47493120,vms=24805376
2026-02-17T12:29:58.261839,pid=712,rss=47493120,vms=24805376
2026-02-17T12:29:59.266435,pid=712,rss=47493120,vms=24805376
2026-02-17T12:30:00.270468,pid=712,rss=47493120,vms=24805376
2026-02-17T12:30:01.275252,pid=712,rss=47493120,vms=24805376
2026-02-17T12:30:02.279424,pid=712,rss=47493120,vms=24805376
2026-02-17T12:30:03.283979,pid=712,rss=47493120,vms=24805376
2026-02-17T12:30:04.288874,pid=712,rss=47493120,vms=24805376
2026-02-17T12:30:05.292770,pid=712,rss=47493120,vms=24805376
2026-02-17T12:30:06.300273,pid=712,rss=47493120,vms=24805376
2026-02-17T12:30:07.304098,pid=712,rss=47493120,vms=24805376
2026-02-17T12:30:08.308833,pid=712,rss=47493120,vms=24805376
2026-02-17T12:30:09.312759,pid=712,rss=47493120,vms=24805376
2026-02-17T12:30:10.316792,pid=712,rss=47493120,vms=24805376
2026-02-17T12:30:11.321250,pid=712,rss=47493120,vms=24805376
2026-02-17T12:30:12.326222,pid=712,rss=47493120,vms=24805376
2026-02-17T12:30:13.330346,pid=712,rss=47493120,vms=24805376
2026-02-17T12:30:14.334471,pid=712,rss=47493120,vms=24805376
2026-02-17T12:30:15.340087,pid=712,rss=47493120,vms=24805376
2026-02-17T12:30:16.345220,pid=712,rss=47493120,vms=24805376
2026-02-17T12:30:17.349495,pid=712,rss=47493120,vms=24805376
2026-02-17T12:30:18.353958,pid=712,rss=47497216,vms=24805376
2026-02-17T12:30:19.359047,pid=712,rss=47497216,vms=24805376
2026-02-17T12:30:20.363063,pid=712,rss=47497216,vms=24805376
2026-02-17T12:30:21.368750,pid=712,rss=47497216,vms=24805376
2026-02-17T12:30:22.374726,pid=712,rss=47497216,vms=24805376
2026-02-17T12:30:23.380957,pid=712,rss=47509504,vms=24805376
2026-02-17T12:30:24.385156,pid=712,rss=47513600,vms=24821760
2026-02-17T12:30:25.390339,pid=712,rss=47562752,vms=24821760
2026-02-17T12:30:26.396204,pid=712,rss=47562752,vms=24821760
2026-02-17T12:30:27.402195,pid=712,rss=47562752,vms=24821760
2026-02-17T12:30:28.407374,pid=712,rss=47562752,vms=24821760
2026-02-17T12:30:29.413697,pid=712,rss=47566848,vms=24821760
2026-02-17T12:30:30.418047,pid=712,rss=47669248,vms=24834048
2026-02-17T12:30:31.422031,pid=712,rss=47665152,vms=24829952
2026-02-17T12:30:32.426065,pid=712,rss=47661056,vms=24821760
2026-02-17T12:30:33.430820,pid=712,rss=47673344,vms=24834048
2026-02-17T12:30:34.435006,pid=712,rss=47673344,vms=24834048
2026-02-17T12:30:35.439318,pid=712,rss=47673344,vms=24834048
2026-02-17T12:30:36.447989,pid=712,rss=47673344,vms=24834048
2026-02-17T12:30:37.452291,pid=712,rss=47669248,vms=24829952
2026-02-17T12:30:38.456549,pid=712,rss=47669248,vms=24829952
2026-02-17T12:30:39.460398,pid=712,rss=47661056,vms=24821760
2026-02-17T12:30:40.465180,pid=712,rss=47661056,vms=24821760
2026-02-17T12:30:41.469787,pid=712,rss=47689728,vms=24858624
2026-02-17T12:30:42.474842,pid=712,rss=47669248,vms=24838144
2026-02-17T12:30:43.479218,pid=712,rss=47669248,vms=24838144
2026-02-17T12:30:44.483734,pid=712,rss=47669248,vms=24838144
2026-02-17T12:30:45.488420,pid=712,rss=47669248,vms=24838144
2026-02-17T12:30:46.493421,pid=712,rss=47669248,vms=24838144
2026-02-17T12:30:47.497869,pid=712,rss=47632384,vms=24768512
2026-02-17T12:30:48.502783,pid=712,rss=47640576,vms=24776704
2026-02-17T12:30:49.507715,pid=712,rss=47632384,vms=24768512
2026-02-17T12:30:50.511986,pid=712,rss=47632384,vms=24768512
2026-02-17T12:30:51.516187,pid=712,rss=47632384,vms=24768512
2026-02-17T12:30:52.520170,pid=712,rss=47640576,vms=24776704
2026-02-17T12:30:53.524763,pid=712,rss=47632384,vms=24768512
2026-02-17T12:30:54.528895,pid=712,rss=47632384,vms=24768512
2026-02-17T12:30:55.533139,pid=712,rss=47632384,vms=24768512
2026-02-17T12:30:56.538115,pid=712,rss=47632384,vms=24768512
2026-02-17T12:30:57.542073,pid=712,rss=47632384,vms=24768512
2026-02-17T12:30:58.546169,pid=712,rss=47632384,vms=24768512
2026-02-17T12:30:59.553483,pid=712,rss=47632384,vms=24768512
2026-02-17T12:31:00.558553,pid=712,rss=47632384,vms=24768512
2026-02-17T12:31:01.563154,pid=712,rss=47632384,vms=24768512
2026-02-17T12:31:02.567585,pid=712,rss=47632384,vms=24768512
2026-02-17T12:31:03.572438,pid=712,rss=47632384,vms=24768512
2026-02-17T12:31:04.576513,pid=712,rss=47632384,vms=24768512
2026-02-17T12:31:05.582523,pid=712,rss=47632384,vms=24768512
2026-02-17T12:31:06.587213,pid=712,rss=47632384,vms=24768512
2026-02-17T12:31:07.594171,pid=712,rss=47632384,vms=24768512
2026-02-17T12:31:08.601597,pid=712,rss=47632384,vms=24768512
2026-02-17T12:31:09.606063,pid=712,rss=47632384,vms=24768512
2026-02-17T12:31:10.610316,pid=712,rss=47632384,vms=24768512
2026-02-17T12:31:11.616525,pid=712,rss=47632384,vms=24768512
2026-02-17T12:31:12.621095,pid=712,rss=47632384,vms=24768512
2026-02-17T12:31:13.626022,pid=712,rss=47632384,vms=24768512
2026-02-17T12:31:14.630771,pid=712,rss=47632384,vms=24768512
2026-02-17T12:31:15.635792,pid=712,rss=50376704,vms=25305088
2026-02-17T12:31:16.641188,pid=712,rss=50200576,vms=25128960
2026-02-17T12:31:17.680419,pid=712,rss=50204672,vms=25112576
2026-02-17T12:31:18.686121,pid=712,rss=50204672,vms=25108480
2026-02-17T12:31:19.692686,pid=712,rss=50204672,vms=25108480
2026-02-17T12:31:20.698763,pid=712,rss=50204672,vms=25108480
2026-02-17T12:31:21.705123,pid=712,rss=50204672,vms=25108480
2026-02-17T12:31:22.711848,pid=712,rss=50204672,vms=25108480
2026-02-17T12:31:23.716638,pid=712,rss=50204672,vms=25108480
2026-02-17T12:31:24.721069,pid=712,rss=50204672,vms=25108480
2026-02-17T12:31:25.726953,pid=712,rss=50204672,vms=25108480
2026-02-17T12:31:26.733807,pid=712,rss=50204672,vms=25108480
2026-02-17T12:31:27.738305,pid=712,rss=50204672,vms=25108480
2026-02-17T12:31:28.743531,pid=712,rss=50204672,vms=25108480
2026-02-17T12:31:29.751959,pid=712,rss=50204672,vms=25108480
2026-02-17T12:31:30.757034,pid=712,rss=50204672,vms=25108480
2026-02-17T12:31:31.761661,pid=712,rss=50204672,vms=25108480
2026-02-17T12:31:32.767459,pid=712,rss=50204672,vms=25108480
2026-02-17T12:31:33.772052,pid=712,rss=50204672,vms=25108480
2026-02-17T12:31:34.778134,pid=712,rss=50204672,vms=25108480
2026-02-17T12:31:35.782675,pid=712,rss=50204672,vms=25108480
2026-02-17T12:31:36.786708,pid=712,rss=50204672,vms=25108480
2026-02-17T12:31:37.792086,pid=712,rss=50204672,vms=25108480
2026-02-17T12:31:38.800994,pid=712,rss=50204672,vms=25108480
2026-02-17T12:31:39.805749,pid=712,rss=50204672,vms=25108480
2026-02-17T12:31:40.810573,pid=712,rss=50204672,vms=25108480
2026-02-17T12:31:41.814955,pid=712,rss=50204672,vms=25108480
2026-02-17T12:31:42.819412,pid=712,rss=50204672,vms=25108480
2026-02-17T12:31:43.823703,pid=712,rss=50204672,vms=25108480
2026-02-17T12:31:44.828311,pid=712,rss=50204672,vms=25108480
2026-02-17T12:31:45.835947,pid=712,rss=50192384,vms=25108480
2026-02-17T12:31:46.842202,pid=712,rss=50163712,vms=25079808
2026-02-17T12:31:47.846828,pid=712,rss=50126848,vms=25010176
2026-02-17T12:31:48.851042,pid=712,rss=50126848,vms=25010176
2026-02-17T12:31:49.861891,pid=712,rss=50126848,vms=25010176
2026-02-17T12:31:50.870137,pid=712,rss=50126848,vms=25010176
2026-02-17T12:31:51.875126,pid=712,rss=50126848,vms=25010176
2026-02-17T12:31:52.882081,pid=712,rss=50126848,vms=25010176
2026-02-17T12:31:53.891708,pid=712,rss=50126848,vms=25010176
2026-02-17T12:31:54.902170,pid=712,rss=50126848,vms=25010176
2026-02-17T12:31:55.907668,pid=712,rss=50126848,vms=25026560
2026-02-17T12:31:56.913696,pid=712,rss=50171904,vms=25071616
2026-02-17T12:31:57.918166,pid=712,rss=50159616,vms=25051136
2026-02-17T12:31:58.925627,pid=712,rss=50159616,vms=25051136
2026-02-17T12:31:59.931717,pid=712,rss=50159616,vms=25051136
2026-02-17T12:32:00.936876,pid=712,rss=50159616,vms=25051136
2026-02-17T12:32:01.944720,pid=712,rss=50135040,vms=25026560
2026-02-17T12:32:02.949807,pid=712,rss=50135040,vms=25026560
2026-02-17T12:32:03.955580,pid=712,rss=50180096,vms=25075712
2026-02-17T12:32:04.962176,pid=712,rss=50442240,vms=25309184
2026-02-17T12:32:05.967194,pid=712,rss=50184192,vms=25051136
2026-02-17T12:32:06.974854,pid=712,rss=50188288,vms=25034752
2026-02-17T12:32:07.980323,pid=712,rss=50184192,vms=25030656
2026-02-17T12:32:08.997874,pid=712,rss=50184192,vms=25030656
2026-02-17T12:32:10.002814,pid=712,rss=50184192,vms=25030656
2026-02-17T12:32:11.007635,pid=712,rss=50184192,vms=25030656
2026-02-17T12:32:12.012826,pid=712,rss=50184192,vms=25030656
2026-02-17T12:32:13.018056,pid=712,rss=50184192,vms=25030656
2026-02-17T12:32:14.022756,pid=712,rss=50184192,vms=25030656
2026-02-17T12:32:15.031792,pid=712,rss=50184192,vms=25030656
2026-02-17T12:32:16.038264,pid=712,rss=50167808,vms=25030656
2026-02-17T12:32:17.047365,pid=712,rss=50147328,vms=25010176
2026-02-17T12:32:18.052179,pid=712,rss=50147328,vms=25010176
2026-02-17T12:32:19.057289,pid=712,rss=50176000,vms=25026560
2026-02-17T12:32:20.065898,pid=712,rss=50176000,vms=25026560
2026-02-17T12:32:21.072070,pid=712,rss=50176000,vms=25026560
2026-02-17T12:32:22.077658,pid=712,rss=50176000,vms=25026560
2026-02-17T12:32:23.083990,pid=712,rss=50176000,vms=25026560
2026-02-17T12:32:24.089204,pid=712,rss=50176000,vms=25026560
2026-02-17T12:32:25.093424,pid=712,rss=50176000,vms=25026560
2026-02-17T12:32:26.097388,pid=712,rss=50176000,vms=25026560
2026-02-17T12:32:27.101674,pid=712,rss=50176000,vms=25026560
2026-02-17T12:32:28.105936,pid=712,rss=50176000,vms=25026560
2026-02-17T12:32:29.110369,pid=712,rss=50176000,vms=25026560
2026-02-17T12:32:30.114795,pid=712,rss=50176000,vms=25026560
2026-02-17T12:32:31.120372,pid=712,rss=50176000,vms=25026560
2026-02-17T12:32:32.125465,pid=712,rss=50176000,vms=25026560
2026-02-17T12:32:33.130486,pid=712,rss=50176000,vms=25026560
2026-02-17T12:32:34.134797,pid=712,rss=50176000,vms=25026560
2026-02-17T12:32:35.139270,pid=712,rss=50176000,vms=25026560
2026-02-17T12:32:36.143427,pid=712,rss=50176000,vms=25026560
2026-02-17T12:32:37.147673,pid=712,rss=50176000,vms=25026560
2026-02-17T12:32:38.151902,pid=712,rss=50176000,vms=25026560
2026-02-17T12:32:39.167994,pid=712,rss=50176000,vms=25026560
2026-02-17T12:32:40.173053,pid=712,rss=50176000,vms=25026560
2026-02-17T12:32:41.178914,pid=712,rss=50176000,vms=25026560
2026-02-17T12:32:42.184389,pid=712,rss=50176000,vms=25026560
2026-02-17T12:32:43.189322,pid=712,rss=50176000,vms=25026560
2026-02-17T12:32:44.197339,pid=712,rss=50176000,vms=25026560
2026-02-17T12:32:45.202346,pid=712,rss=50176000,vms=25026560
2026-02-17T12:32:46.206459,pid=712,rss=50176000,vms=25026560
2026-02-17T12:32:47.210945,pid=712,rss=50151424,vms=25001984
2026-02-17T12:32:48.220771,pid=712,rss=50151424,vms=25001984
2026-02-17T12:32:49.225324,pid=712,rss=50151424,vms=25001984
2026-02-17T12:32:50.230478,pid=712,rss=50151424,vms=25001984
2026-02-17T12:32:51.234958,pid=712,rss=50151424,vms=25001984
2026-02-17T12:32:52.239873,pid=712,rss=50151424,vms=25001984
2026-02-17T12:32:53.248334,pid=712,rss=50151424,vms=25001984
2026-02-17T12:32:54.253249,pid=712,rss=50151424,vms=25001984
2026-02-17T12:32:55.258797,pid=712,rss=50151424,vms=25001984
2026-02-17T12:32:56.263733,pid=712,rss=50151424,vms=25001984
2026-02-17T12:32:57.268558,pid=712,rss=50151424,vms=25001984
2026-02-17T12:32:58.274538,pid=712,rss=50151424,vms=25001984
2026-02-17T12:32:59.279347,pid=712,rss=50208768,vms=25055232
2026-02-17T12:33:00.283949,pid=712,rss=50196480,vms=25051136
2026-02-17T12:33:01.288689,pid=712,rss=50196480,vms=25051136
2026-02-17T12:33:02.301945,pid=712,rss=50196480,vms=25034752
2026-02-17T12:33:03.306032,pid=712,rss=50167808,vms=25006080
2026-02-17T12:33:04.312017,pid=712,rss=50167808,vms=25006080
2026-02-17T12:33:05.317647,pid=712,rss=50167808,vms=25006080
2026-02-17T12:33:06.324149,pid=712,rss=50167808,vms=25006080
2026-02-17T12:33:07.330623,pid=712,rss=50167808,vms=25006080
2026-02-17T12:33:08.334672,pid=712,rss=50163712,vms=24973312
2026-02-17T12:33:09.340569,pid=712,rss=50163712,vms=24973312
2026-02-17T12:33:10.349154,pid=712,rss=50163712,vms=24973312
2026-02-17T12:33:11.355281,pid=712,rss=50163712,vms=24973312
2026-02-17T12:33:12.361183,pid=712,rss=50163712,vms=24973312
2026-02-17T12:33:13.366718,pid=712,rss=50163712,vms=24973312
2026-02-17T12:33:14.389282,pid=712,rss=50163712,vms=24973312
2026-02-17T12:33:15.395877,pid=712,rss=50163712,vms=24973312
2026-02-17T12:33:16.402420,pid=712,rss=50163712,vms=24973312
2026-02-17T12:33:17.414937,pid=712,rss=50163712,vms=24973312
2026-02-17T12:33:18.419761,pid=712,rss=50163712,vms=24973312
2026-02-17T12:33:19.424237,pid=712,rss=50163712,vms=24973312
2026-02-17T12:33:20.431437,pid=712,rss=50163712,vms=24973312
2026-02-17T12:33:21.437545,pid=712,rss=50163712,vms=24973312
2026-02-17T12:33:22.452172,pid=712,rss=50180096,vms=24989696
2026-02-17T12:33:23.460809,pid=712,rss=50180096,vms=24989696
2026-02-17T12:33:24.465754,pid=712,rss=50180096,vms=24989696
2026-02-17T12:33:25.470782,pid=712,rss=50180096,vms=24989696
2026-02-17T12:33:26.475662,pid=712,rss=50180096,vms=24989696
2026-02-17T12:33:27.486408,pid=712,rss=50180096,vms=24989696
2026-02-17T12:33:28.490968,pid=712,rss=50180096,vms=24989696
2026-02-17T12:33:29.497022,pid=712,rss=50180096,vms=24989696
2026-02-17T12:33:30.501567,pid=712,rss=50180096,vms=24989696
2026-02-17T12:33:31.509704,pid=712,rss=50180096,vms=24989696
2026-02-17T12:33:32.087392,pid=13304,rss=16244736,vms=7217152
2026-02-17T12:33:32.517310,pid=712,rss=50180096,vms=24989696
2026-02-17T12:33:33.093379,pid=13304,rss=47554560,vms=25047040
2026-02-17T12:33:33.522263,pid=712,rss=50180096,vms=24989696
2026-02-17T12:33:34.100181,pid=13304,rss=47558656,vms=25059328
2026-02-17T12:33:34.533538,pid=712,rss=50180096,vms=24989696
2026-02-17T12:33:35.104685,pid=13304,rss=49233920,vms=25530368
2026-02-17T12:33:35.539517,pid=712,rss=50180096,vms=24989696
2026-02-17T12:33:36.109555,pid=13304,rss=48971776,vms=25194496
2026-02-17T12:33:36.590888,pid=712,rss=50180096,vms=24989696
2026-02-17T12:33:37.607700,pid=712,rss=50180096,vms=24989696
2026-02-17T12:33:38.613030,pid=712,rss=50180096,vms=24989696
2026-02-17T12:33:39.619254,pid=712,rss=50180096,vms=24989696
2026-02-17T12:33:40.626575,pid=712,rss=50180096,vms=24989696
2026-02-17T12:33:41.637703,pid=712,rss=50180096,vms=24989696
2026-02-17T12:33:42.643283,pid=712,rss=50180096,vms=24989696
2026-02-17T12:33:43.647936,pid=712,rss=50180096,vms=24989696
2026-02-17T12:33:44.652950,pid=712,rss=51736576,vms=25452544
2026-02-17T12:33:45.657341,pid=712,rss=51560448,vms=25276416
2026-02-17T12:33:46.663610,pid=712,rss=51564544,vms=25276416
2026-02-17T12:33:47.671927,pid=712,rss=51564544,vms=25264128
2026-02-17T12:33:48.677670,pid=712,rss=51580928,vms=25264128
